Algorithm,Number of Gateways,Metric,N,Mean,SD,Median,Q1,Q3,IQR,95% CI Lower,95% CI Upper
ACOR,3,FLOPs,20,2832310.75,1589632.391223034,2692587.5,1514875.5,3497170.0,1982294.5,2088339.8899958907,3576281.6100041093
ACOR,3,Runtime_s,20,2258.3205000000003,1388.8565505270305,2218.465,1185.8375,2623.26,1437.4225000000001,1608.3156259026891,2908.3253740973114
ACOR,3,SP,20,0.9017267,0.10085853285933145,0.9478234999999999,0.911566,0.94798425,0.036418249999999985,0.8545234536114571,0.9489299463885429
ACOR,3,SR,20,7.3009917,1.0158130248651542,7.72219,7.40144,7.7763425,0.37490250000000014,6.825576570134122,7.776406829865878
GA,3,FLOPs,20,4249635.95,2041831.031391509,3543353.0,2762438.75,6108210.5,3345771.75,3294029.611833552,5205242.2881664485
GA,3,Runtime_s,20,3793.013500000001,1789.1518169535414,2901.265,2321.88,5542.6475,3220.7675,2955.664674393387,4630.362325606615
GA,3,SP,20,0.9056873999999999,0.0861593628674581,0.9476325,0.91128675,0.947771,0.036484249999999996,0.8653635769300689,0.9460112230699309
GA,3,SR,20,7.3847425,0.8064884257979482,7.75629,7.3938749999999995,7.786965,0.3930900000000008,7.007294298115646,7.762190701884354
PSO,3,FLOPs,20,785200.75,508041.0387925965,773597.0,386208.75,1000469.25,614260.5,547430.2247925288,1022971.2752074712
PSO,3,Runtime_s,20,549.8235586000001,538.4282795767515,631.5622905,0.0,843.2279115,843.2279115,297.8313669341937,801.8157502658064
PSO,3,SP,20,0.5687116,0.4764141749115718,0.947665,0.0,0.9478312499999999,0.9478312499999999,0.3457429027187298,0.7916802972812702
PSO,3,SR,20,4.67382285,3.9153941492343067,7.755416,0.0,7.79659,7.79659,2.841361981346119,6.50628371865388
SA,3,FLOPs,20,2197579.25,2099589.6489046533,1836704.5,67981.5,3755263.25,3687281.75,1214941.0467425026,3180217.4532574974
SA,3,Runtime_s,20,1756.3030000000003,1759.946747310689,1358.12,0.01,3739.3475,3739.3374999999996,932.6225677267379,2579.9834322732627
SA,3,SP,20,0.58384035,0.44994685728758715,0.947477,0.0,0.94769175,0.94769175,0.3732587386660462,0.7944219613339538
SA,3,SR,20,4.7273308499999995,3.705734216349423,7.76465,0.0,7.802205,7.802205,2.992993850385276,6.461667849614723
ACOR,4,FLOPs,20,2861298.05,921956.6044623435,2575612.0,2178085.75,3714559.75,1536474.0,2429809.0770176407,3292787.022982359
ACOR,4,Runtime_s,20,2262.9515,850.2783592155355,2200.685,1583.17,2843.12,1259.9499999999998,1865.0089784200468,2660.8940215799535
ACOR,4,SP,20,0.9533872499999999,0.03332752010903934,0.9607865,0.96072975,0.960939,0.00020924999999993865,0.9377894904587203,0.9689850095412795
ACOR,4,SR,20,7.753993849999998,0.4110875327682689,7.857153,7.800446,7.8684745,0.0680284999999996,7.561598962364831,7.946388737635164
GA,4,FLOPs,20,3479338.45,908930.1866514036,3205118.0,2908267.0,3909340.75,1001073.75,3053946.0282172062,3904730.871782794
GA,4,Runtime_s,20,3322.745,1139.0040480104583,3139.45,2291.6075,3768.6925,1477.085,2789.674696560511,3855.8153034394886
GA,4,SP,20,0.9530403000000002,0.023263697887028794,0.9605045000000001,0.9604302499999999,0.9607410000000001,0.0003107500000001373,0.9421525542422703,0.9639280457577301
GA,4,SR,20,7.8086611,0.25880757627706824,7.899825,7.83491175,7.92538475,0.09047300000000025,7.687535425811713,7.929786774188288
PSO,4,FLOPs,20,1769954.35,391558.4805492392,1687700.0,1478584.75,1919803.0,441218.25,1586699.3401470664,1953209.3598529338
PSO,4,Runtime_s,20,1585.6087759999998,323.32999002814375,1511.7031075,1381.7017455,1772.7508625,391.049117,1434.2856826392228,1736.9318693607768
PSO,4,SP,20,0.9607305499999998,0.00016995153333879123,0.9607285000000001,0.96063,0.960792,0.00016199999999999548,0.9606510102340041,0.9608100897659956
PSO,4,SR,20,7.8487182,0.04695100814073728,7.8458475,7.819751500000001,7.8862355,0.0664839999999991,7.826744451794197,7.8706919482058035
SA,4,FLOPs,20,4292363.15,1823483.907724911,3720081.0,3156991.25,5175028.75,2018037.5,3438946.411309869,5145779.888690132
SA,4,Runtime_s,20,3575.3035000000004,1248.707497873301,3281.23,2807.3925,4123.8099999999995,1316.4174999999996,2990.8904015907374,4159.7165984092635
SA,4,SP,20,0.9567994499999999,0.01698152061716066,0.960534,0.96042625,0.9607399999999999,0.0003137499999998905,0.948851853708252,0.9647470462917478
SA,4,SR,20,7.844715199999999,0.18336329058904377,7.9015065,7.825237749999999,7.9200075,0.09476975000000021,7.758898538395766,7.930531861604232
ACOR,5,FLOPs,20,2985359.05,933924.2245454323,2752015.5,2463276.5,3307072.75,843796.25,2548269.058408195,3422449.0415918045
ACOR,5,Runtime_s,20,2404.0615000000003,606.7385063233801,2309.705,1934.6525,2713.3075,778.655,2120.099138110961,2688.0238618890394
ACOR,5,SP,20,0.9575510500000002,0.04932196618191534,0.9685915,0.9684762499999999,0.968676,0.00019975000000005405,0.9344676592739082,0.9806344407260922
ACOR,5,SR,20,7.758647999999999,0.5842663823692427,7.889301,7.851611,7.9304385,0.07882750000000005,7.48520291586435,8.032093084135647
GA,5,FLOPs,20,4070460.85,1761033.525844211,3428576.0,3083845.5,4225734.0,1141888.5,3246271.7897164617,4894649.9102835385
GA,5,Runtime_s,20,3432.6094999999996,1496.9229173048184,2736.56,2609.1600000000003,3162.185,553.0249999999996,2732.028009401226,4133.190990598773
GA,5,SP,20,0.9683941500000002,0.0001185816507505989,0.9683820000000001,0.9683165,0.9684565,0.000140000000000029,0.9683386520791119,0.9684496479208885
GA,5,SR,20,7.9460994,0.03923100540241373,7.963969499999999,7.92460975,7.97285425,0.048244500000000023,7.927738724293333,7.964460075706667
PSO,5,FLOPs,20,2429512.15,577163.8830292461,2261726.5,2000243.5,2777255.0,777011.5,2159391.1378770573,2699633.1621229425
PSO,5,Runtime_s,20,2239.8997983,541.0248467868704,2065.5079275,1898.1517945,2386.3766315,488.22483699999975,1986.6923757726204,2493.1072208273795
PSO,5,SP,20,0.9684947999999999,9.356990069347675e-05,0.9684975,0.96843,0.96853775,0.00010774999999996204,0.9684510079384681,0.9685385920615317
PSO,5,SR,20,7.92558535,0.03129863703485289,7.924879000000001,7.903264500000001,7.94553225,0.042267749999999715,7.910937136966382,7.940233563033619
SA,5,FLOPs,20,3969438.0,1143500.5522445908,3776213.0,3199998.5,4517229.75,1317231.25,3434263.2678004093,4504612.732199591
SA,5,Runtime_s,20,3347.0364999999997,1198.9743953952566,2939.705,2757.5775,3796.525,1038.9475000000002,2785.8992100264186,3908.173789973581
SA,5,SP,20,0.9620988,0.028199991656587035,0.9683645000000001,0.968269,0.96851475,0.0002457499999999335,0.9489007976437961,0.975296802356204
SA,5,SR,20,7.858900899999999,0.31400685984425974,7.9312615,7.9025455000000004,7.95883175,0.05628624999999943,7.711941165878208,8.00586063412179
